{"cameraMode":{"drawMode":0,"name":"Shaded","section":"Shading Mode"},"sceneLighting":true,"audioPlay":false,"sceneViewState":{"m_AlwaysRefresh":false,"showFog":true,"showSkybox":true,"showFlares":true,"showImageEffects":true,"showParticleSystems":true,"showVisualEffectGraphs":true,"m_FxEnabled":true},"in2DMode":false,"pivot":{"x":-1.4216434955596924,"y":1.2817180156707764,"z":2.964272975921631},"rotation":{"x":0.00039907702011987567,"y":0.9975206851959229,"z":0.005676265340298414,"w":-0.07014017552137375},"size":3.7314629554748537,"orthographic":false}