{"cameraMode":{"drawMode":0,"name":"Shaded","section":"Shading Mode"},"sceneLighting":true,"audioPlay":false,"sceneViewState":{"m_AlwaysRefresh":false,"showFog":true,"showSkybox":true,"showFlares":true,"showImageEffects":true,"showParticleSystems":true,"showVisualEffectGraphs":true,"m_FxEnabled":true},"in2DMode":false,"pivot":{"x":-0.37139731645584109,"y":-0.5099528431892395,"z":0.5717504620552063},"rotation":{"x":0.027152512222528459,"y":0.9700371026992798,"z":-0.12909945845603944,"w":0.20402057468891145},"size":4.085851192474365,"orthographic":false}